jour;jours;nb_data;min;max;mean;std;sum;Q1;median;Q3;taux_dispo;taux_occ;penurie;taux_penurie
0;Mon;10024;158.0;391.0;311.1;65.0;3118753.0;274.0;316.0;374.0;78.77;21.230000000000004;0;0.0
1;Tues;9686;96.0;395.0;309.3;65.7;2996139.0;274.0;308.0;373.0;78.31;21.689999999999998;0;0.0
2;Wed;10054;115.0;395.0;316.0;62.1;3176638.0;281.0;327.0;372.0;79.99;20.010000000000005;0;0.0
3;Thur;10298;114.0;392.0;311.9;63.2;3212344.0;278.0;320.0;371.0;78.97;21.03;0;0.0
4;Fri;10872;115.0;391.0;316.7;63.7;3443307.0;279.75;336.0;371.0;80.18;19.819999999999993;0;0.0
5;Sat;10722;152.0;391.0;331.8;57.9;3557105.0;282.0;360.0;374.0;83.99;16.010000000000005;0;0.0
6;Sun;10348;178.0;392.0;338.9;57.1;3507232.0;286.0;371.0;380.0;85.8;14.200000000000003;0;0.0
