jour;jours;nb_data;min;max;mean;std;sum;Q1;median;Q3;taux_dispo;taux_occ;penurie;taux_penurie
0;Mon;9925;24.0;615.0;425.6;154.4;4224124.0;321.0;474.0;554.0;69.2;30.799999999999997;0;0.0
1;Tues;9690;22.0;615.0;413.9;160.0;4010800.0;309.0;459.0;537.75;67.3;32.7;0;0.0
2;Wed;10193;30.0;615.0;420.8;148.6;4288940.0;316.0;458.0;537.0;68.42;31.58;0;0.0
3;Thur;10530;7.0;613.0;421.6;156.7;4439927.0;309.0;468.0;545.0;68.56;31.439999999999998;0;0.0
4;Fri;10991;72.0;612.0;437.9;140.8;4812928.0;343.0;476.0;555.0;71.2;28.799999999999997;0;0.0
5;Sat;10659;66.0;615.0;492.1;88.3;5245420.0;431.0;505.0;566.0;80.02;19.980000000000004;0;0.0
6;Sun;10146;346.0;615.0;520.0;69.0;5275899.0;460.0;531.0;585.0;84.55;15.450000000000003;0;0.0
