jour;jours;nb_data;min;max;mean;std;sum;Q1;median;Q3;taux_dispo;taux_occ;penurie;taux_penurie
0;Mon;7848;0.0;220.0;133.9;61.1;1050642.0;80.0;148.0;187.0;60.85;39.15;1;0.012742099898063202
1;Tues;7336;0.0;220.0;130.6;63.2;958354.0;74.0;135.0;187.0;59.38;40.62;2;0.02726281352235551
2;Wed;7633;0.0;220.0;139.1;55.7;1061415.0;93.0;147.0;189.0;63.21;36.79;1;0.013101008777675883
3;Thur;7934;0.0;220.0;128.0;62.4;1015759.0;74.0;132.0;189.0;58.19;41.81;6;0.07562389715149988
4;Fri;8350;0.0;220.0;139.4;56.0;1164158.0;91.0;144.0;191.0;63.37;36.63;1;0.011976047904191617
5;Sat;8328;0.0;220.0;163.9;40.8;1365318.0;142.0;173.0;195.0;74.52;25.480000000000004;11;0.13208453410182516
6;Sun;6698;3.0;220.0;175.7;43.8;1176906.0;168.0;187.0;202.0;79.87;20.129999999999995;0;0.0
