jour;jours;nb_data;min;max;mean;std;sum;Q1;median;Q3;taux_dispo;taux_occ;penurie;taux_penurie
0;Mon;9755;18.0;285.0;206.3;78.4;2012491.0;146.0;243.0;267.0;72.39;27.61;0;0.0
1;Tues;9530;18.0;285.0;206.1;75.6;1963697.0;148.0;239.0;267.0;72.3;27.700000000000003;0;0.0
2;Wed;10078;18.0;285.0;214.8;67.2;2164425.0;155.0;243.0;265.0;75.36;24.64;0;0.0
3;Thur;10386;18.0;285.0;209.6;69.5;2177398.0;156.0;236.0;266.0;73.56;26.439999999999998;0;0.0
4;Fri;10827;18.0;285.0;207.3;74.5;2244628.0;148.0;243.0;266.0;72.74;27.260000000000005;0;0.0
5;Sat;10526;18.0;285.0;209.9;77.7;2208977.0;146.0;247.0;267.0;73.63;26.370000000000005;0;0.0
6;Sun;10076;18.0;285.0;216.6;79.0;2182174.0;150.0;251.0;274.0;75.99;24.010000000000005;0;0.0
