jour;jours;nb_data;min;max;mean;std;sum;Q1;median;Q3;taux_dispo;taux_occ;penurie;taux_penurie
0;Mon;10006;67.0;255.0;193.3;46.3;1933746.0;164.0;200.0;231.0;75.79;24.209999999999994;0;0.0
1;Tues;9799;52.0;255.0;191.1;48.5;1872409.0;164.0;196.0;227.0;74.93;25.069999999999993;0;0.0
2;Wed;10307;87.0;255.0;194.0;43.1;1999275.0;166.0;200.0;228.0;76.07;23.930000000000007;0;0.0
3;Thur;10583;56.0;255.0;191.2;48.7;2023998.0;160.0;199.0;230.0;75.0;25.0;0;0.0
4;Fri;11012;90.0;255.0;195.5;45.0;2153044.0;164.0;202.0;232.0;76.67;23.33;0;0.0
5;Sat;10712;121.0;255.0;209.1;32.9;2240263.0;182.0;209.0;242.0;82.01;17.989999999999995;0;0.0
6;Sun;10325;148.0;255.0;215.9;28.8;2228820.0;194.0;212.0;247.0;84.65;15.349999999999994;0;0.0
