jour;jours;nb_data;min;max;mean;std;sum;Q1;median;Q3;taux_dispo;taux_occ;penurie;taux_penurie
0;Mon;10033;129.0;493.0;354.8;79.0;3559748.0;296.0;378.0;420.0;60.44;39.56;0;0.0
1;Tues;9666;98.0;473.0;331.2;90.1;3201654.0;259.0;348.0;413.0;56.43;43.57;0;0.0
2;Wed;10226;129.0;456.0;344.6;73.5;3523482.0;293.0;354.0;409.0;58.7;41.3;0;0.0
3;Thur;10526;0.0;452.0;326.1;87.8;3432009.0;269.0;339.0;402.0;55.55;44.45;6;0.057001710051301537
4;Fri;10977;0.0;458.0;334.3;83.7;3669979.0;282.0;343.0;406.0;56.96;43.04;18;0.16397922929762232
5;Sat;10652;0.0;457.0;349.1;85.5;3718768.0;326.0;370.0;405.0;59.47;40.53;65;0.6102140443109275
6;Sun;10290;0.0;477.0;395.7;63.6;4071658.0;385.0;414.0;430.0;67.41;32.59;3;0.029154518950437316
