jour;jours;nb_data;min;max;mean;std;sum;Q1;median;Q3;taux_dispo;taux_occ;penurie;taux_penurie
0;Mon;7860;17.0;75.0;55.1;13.0;432896.0;46.0;57.0;65.0;73.43;26.569999999999993;0;0.0
1;Tues;7895;12.0;75.0;54.4;13.8;429634.0;45.0;56.0;67.0;72.56;27.439999999999998;0;0.0
2;Wed;8584;12.0;75.0;54.9;14.1;471248.0;46.0;57.0;66.0;73.2;26.799999999999997;0;0.0
3;Thur;8648;9.0;75.0;53.4;15.0;461644.0;42.0;56.0;66.0;71.18;28.819999999999993;0;0.0
4;Fri;8852;3.0;75.0;54.2;15.4;479422.0;44.0;58.0;67.0;72.21;27.790000000000006;0;0.0
5;Sat;8527;10.0;75.0;55.8;15.1;475789.0;48.0;61.0;67.0;74.4;25.599999999999994;0;0.0
6;Sun;7727;24.0;75.0;63.2;9.2;488297.0;59.0;66.0;70.0;84.26;15.739999999999995;0;0.0
