jour;jours;nb_data;min;max;mean;std;sum;Q1;median;Q3;taux_dispo;taux_occ;penurie;taux_penurie
0;Mon;10031;120.0;350.0;280.6;75.1;2814785.0;210.0;321.0;347.0;80.17;19.83;0;0.0
1;Tues;9798;22.0;350.0;267.2;85.3;2617764.0;193.0;307.0;345.0;76.34;23.659999999999997;0;0.0
2;Wed;10338;0.0;350.0;264.0;84.2;2729646.0;183.0;298.0;342.0;75.44;24.560000000000002;2;0.019346101760495258
3;Thur;10584;32.0;350.0;265.8;83.1;2813430.0;193.0;305.0;339.0;75.95;24.049999999999997;0;0.0
4;Fri;11015;43.0;350.0;267.9;77.1;2950948.0;202.0;299.0;336.0;76.54;23.459999999999994;0;0.0
5;Sat;10715;34.0;350.0;297.3;53.1;3185200.0;281.0;312.0;333.0;84.93;15.069999999999993;0;0.0
6;Sun;10339;25.0;350.0;297.7;72.6;3077435.0;270.0;333.0;350.0;85.04;14.959999999999994;0;0.0
