jour;jours;nb_data;min;max;mean;std;sum;Q1;median;Q3;taux_dispo;taux_occ;penurie;taux_penurie
0;Mon;7977;593.0;1200.0;1031.7;149.0;8229485.0;913.0;1097.0;1150.0;85.97;14.030000000000001;0;0.0
1;Tues;7994;546.0;1200.0;1003.7;164.3;8023800.0;858.0;1061.0;1150.0;83.64;16.36;0;0.0
2;Wed;8365;581.0;1200.0;1016.3;148.3;8501156.0;893.0;1061.0;1150.0;84.69;15.310000000000002;0;0.0
3;Thur;8540;544.0;1200.0;1005.9;158.0;8590527.0;869.0;1053.0;1152.0;83.83;16.17;0;0.0
4;Fri;8999;505.0;1200.0;1033.2;131.9;9297810.0;927.0;1069.0;1157.0;86.1;13.900000000000006;0;0.0
5;Sat;8245;569.0;1200.0;1060.8;115.3;8746654.0;992.0;1086.0;1163.0;88.4;11.599999999999994;0;0.0
6;Sun;7463;148.0;1199.0;1096.3;103.4;8181553.0;1086.0;1122.0;1155.0;91.36;8.64;0;0.0
